experiment	iteration	commit	score	status	description	time
exp_20260322_175520	1	-	0.0	skip	empty	2026-03-22T17:55:24.373859
exp_20260322_175520	2	-	0.0	skip	empty	2026-03-22T17:55:26.493726
exp_20260322_175520	3	-	0.0	skip	empty	2026-03-22T17:55:29.060943
exp_20260322_175520	4	-	0.0	skip	empty	2026-03-22T17:55:30.506056
exp_20260322_175520	5	-	0.0	skip	empty	2026-03-22T17:55:32.034412
exp_20260322_175726	1	-	0.0	skip	empty	2026-03-22T17:57:31.438455
exp_20260322_175726	2	-	0.0	skip	empty	2026-03-22T17:57:32.854554
exp_20260322_175726	3	-	0.0	skip	empty	2026-03-22T17:57:35.553140
exp_20260322_175726	4	-	0.0	skip	empty	2026-03-22T17:57:37.255763
exp_20260322_175726	5	-	0.0	skip	empty	2026-03-22T17:57:38.979036
exp_20260322_175941	1	-	0.0	skip	empty	2026-03-22T17:59:44.441411
exp_20260322_175941	2	-	0.0	skip	empty	2026-03-22T17:59:46.748451
exp_20260322_175941	3	-	0.0	skip	empty	2026-03-22T17:59:48.399379
exp_20260322_175941	4	-	0.0	skip	empty	2026-03-22T17:59:50.378240
exp_20260322_175941	5	-	0.0	skip	empty	2026-03-22T17:59:53.925357
exp_20260322_180159	1	-	0.0	skip	empty	2026-03-22T18:02:02.230088
exp_20260322_180159	2	-	0.0	skip	empty	2026-03-22T18:02:09.075138
exp_20260322_180159	3	-	0.0	skip	empty	2026-03-22T18:02:14.551657
exp_20260322_180159	4	-	0.0	skip	empty	2026-03-22T18:02:15.994169
exp_20260322_180159	5	-	0.0	skip	empty	2026-03-22T18:02:18.682201
exp_20260322_180408	1	-	0.0	skip	empty	2026-03-22T18:04:10.850316
exp_20260322_180408	2	-	0.0	skip	empty	2026-03-22T18:04:12.698060
exp_20260322_180408	3	-	0.0	skip	empty	2026-03-22T18:04:15.309038
exp_20260322_180408	4	-	0.0	skip	empty	2026-03-22T18:04:18.377082
exp_20260322_180408	5	-	0.0	skip	empty	2026-03-22T18:04:19.909675
exp_20260322_180650	1	-	0.0	skip	truncated 24/7352	2026-03-22T18:06:53.480287
exp_20260322_180650	2	-	0.0	skip	truncated 24/7352	2026-03-22T18:06:55.465142
exp_20260322_180650	3	-	0.0	skip	truncated 24/7352	2026-03-22T18:06:58.377302
exp_20260322_180650	4	-	0.0	skip	truncated 24/7352	2026-03-22T18:07:00.102983
exp_20260322_180650	5	-	0.0	skip	truncated 24/7352	2026-03-22T18:07:01.795844
exp_20260322_181102	1	-	0.0	skip	empty	2026-03-22T18:12:03.905560
exp_20260322_181102	2	-	0.0	skip	empty	2026-03-22T18:13:04.640011
exp_20260322_181102	3	-	0.0	skip	empty	2026-03-22T18:14:06.730251
exp_20260322_181102	4	-	0.0	skip	empty	2026-03-22T18:15:07.717332
exp_20260322_181102	5	-	0.0	skip	empty	2026-03-22T18:16:08.674185
exp_20260322_175520	6	aa98a2f	100.0	keep	让故事适合更加精彩，并适合60秒左右的短视频创作	2026-04-14T03:58:07.387373
exp_20260322_175520	7	aa98a2f	100.0	keep	让故事适合更加精彩，并适合60秒左右的短视频创作	2026-04-14T03:58:14.733997
exp_20260322_175520	8	aa98a2f	100.0	keep	让故事适合更加精彩，并适合60秒左右的短视频创作	2026-04-14T03:58:23.367299
exp_20260322_175520	9	aa98a2f	100.0	keep	让故事适合更加精彩，并适合60秒左右的短视频创作	2026-04-14T03:58:30.677873
exp_20260322_175520	10	aa98a2f	100.0	keep	让故事适合更加精彩，并适合60秒左右的短视频创作	2026-04-14T03:58:37.082823
exp_20260322_175520	11	aa98a2f	100.0	keep	让故事适合更加精彩，并适合60秒左右的短视频创作	2026-04-14T03:59:01.420938
exp_20260322_175726	6	aa98a2f	100.0	keep	让故事适合更加精彩，并适合60秒左右的短视频创作	2026-04-14T03:59:09.985545
exp_20260322_175941	6	aa98a2f	100.0	keep	让故事适合更加精彩，并适合60秒左右的短视频创作	2026-04-14T03:59:18.795921
exp_20260322_180159	6	aa98a2f	100.0	keep	让故事适合更加精彩，并适合60秒左右的短视频创作	2026-04-14T03:59:26.185539
exp_20260322_180408	6	aa98a2f	100.0	keep	让故事适合更加精彩，并适合60秒左右的短视频创作	2026-04-14T03:59:34.811692
exp_20260322_180650	6	aa98a2f	100.0	keep	让故事适合更加精彩，并适合60秒左右的短视频创作	2026-04-14T03:59:41.679524
exp_20260322_181102	6	aa98a2f	100.0	keep	让故事适合更加精彩，并适合60秒的短视频生成	2026-04-14T03:59:50.166483
